,LR_Base,LR_Yeo,LR_Base_Random,LR_Yeo_Random,ElasticNet_LR_Base_optuna,ElasticNet_LR_Yeo_optuna,ElasticNet_LR_Base_Random_optuna,ElasticNet_LR_Yeo_Random_optuna,avg_importance
issuer_cntry_domicile_name_United States of America,0.009492557665258038,1.7438239626242287,0.013657821107165468,1.7570752946085022,0.02021216524501803,0.017001523585271704,0.020718476114935214,0.01695713022215608,0.4498673663965669
top_3_shareholder_location_Luxembourg,0.012571920604446585,1.3167793696024985,0.012002859795144826,1.281800585149799,0.007897409883182572,0.004921251774177071,0.007845975706979359,0.00481729555166609,0.33107958350848676
top_3_shareholder_location_United Kingdom,0.00022513400678315644,1.12813087312637,0.0006887514729826627,1.0966299394944639,0.0,-0.00022613972048682874,0.0,-0.0002627300782879427,0.27814822853772814
top_3_shareholder_location_Norway,-0.001627775781931995,1.0973820514750126,-0.0016467045434715665,1.0672783112929032,-0.0011608502599930626,-0.0010059480736475668,-0.0012112243532120814,-0.0010306969408505507,0.2696221453518511
top_3_shareholder_location_Ireland,-0.008914371233270013,0.9890773346979355,-0.008570502100585919,0.961274817638037,-0.004368836503275508,-0.005496524370704759,-0.004481756401342463,-0.005326479546099316,0.23914921027258682
issuer_cntry_domicile_name_Canada,0.0007396371084162801,0.39436160702170625,0.0010728106308837359,0.3923943769944506,0.0,0.0,0.0,0.0,0.09857105396943211
cntry_of_risk_JP,0.003499005820406209,0.37228214299285467,0.0034302088282308187,0.3788956677531637,0.014941221689277561,0.0002121525608084651,0.014924104054568444,0.00010913405900789819,0.09853670471978972
issuer_cntry_domicile_name_Japan,0.003499005820407297,0.37228214299283274,0.0034302088282316956,0.37889566775319283,0.014941221690356388,0.00021183055478787293,0.014924104054704878,0.00010863956370797956,0.09853660265727772
issuer_cntry_domicile_name_Hong Kong,0.0006924068986966736,0.33441489568870486,0.0012910695365372816,0.3361808570589006,0.00325810424172146,0.002133007590923164,0.003235395821283504,0.002190695156299283,0.08542455399913336
issuer_cntry_domicile_name_Switzerland,-0.0023626786442740187,0.3268833326605744,-0.002629339701704381,0.3290287285507943,-0.0010740320735242782,-0.0007067544957609084,-0.001136051263219162,-0.0005813605272727895,0.08092773056320166
top_1_shareholder_location_Japan,0.015343135004277175,0.1906165733788082,0.018284478264856407,0.18739855844881315,0.09709417787364662,0.009921063697018829,0.09624076138564605,0.008551265759300108,0.07793125172654582
issuer_cntry_domicile_name_Germany,-5.5574401812497066e-05,0.29904913432035163,-6.713865142745634e-05,0.30103666976608917,0.0003694454037684425,3.3231612582618197e-06,0.000352481604360344,0.0,0.0750860426503235
issuer_cntry_domicile_name_United Kingdom,0.008910917625348614,0.28001507681341115,0.006626426021012955,0.2820602616735327,0.0012817710787120461,0.0028887124087938697,0.00129648149928977,0.0027513244750593025,0.07322887144939505
top_3_shareholder_location_Canada,-0.004178021444206048,0.2153848193771018,-0.0040643027988892634,0.20952135775750688,-0.003271519491143793,-0.0033478651788686254,-0.003265427938629917,-0.003318206652155098,0.05043260420383949
top_2_shareholder_location_Luxembourg,0.03291517155886052,0.06242216056209175,0.032520759179177725,0.06272622718831311,0.048322037372712054,0.027189225100582016,0.04830448316157758,0.02675244575576896,0.04264406373488547
top_2_shareholder_percentage,0.0814084165622809,0.0,0.08156128479171605,0.0,0.08745214383527686,0.0,0.08780776189419295,0.0,0.04227870088543334
top_3_shareholder_location_Australia,0.000519071169326002,0.15153406605913114,0.0008293620711113503,0.14802902820720323,0.00019296892659623755,0.0017174463793298677,0.00023688049223520303,0.0016145326193481191,0.03808416949053515
top_1_shareholder_location_United States,-0.005543205253340977,0.15056049151998566,-0.004946587618971687,0.14618671447079817,0.0,0.0034431938992065423,0.0,0.002721341728364313,0.036552743593255256
issuer_cntry_domicile_name_Sweden,0.0003017881539259082,0.1278951657795488,0.0005319559274258423,0.13033455622348883,0.0,-6.941965721324328e-05,0.0,-1.966856437705111e-05,0.03237179723284988
cntry_of_risk_IN,0.0037895807476575616,0.10356463924672706,0.0038282450307597247,0.10499709009775451,0.007992310851981922,0.004220731165933511,0.008010110142469985,0.004162364012519038,0.030070633911975418
top_2_shareholder_location_United States,0.004921234723138168,0.12566933874177538,0.004537957435617257,0.12041277748015448,-0.004739167910300879,-0.0031117766303589756,-0.004769536102411276,-0.002852827101666999,0.030008500079493395
issuer_cntry_domicile_name_Italy,3.7031885502303296e-06,0.11339556111938558,2.291010615618205e-06,0.11548252425979896,2.3508414078621254e-05,0.0001295104682680237,3.3052764076091366e-05,0.0001426849129205321,0.028651604517211705
issuer_cntry_domicile_name_Luxembourg,-0.0005212656840705154,0.11303197856111331,-0.000404188343800127,0.11323962741802307,0.0,0.0,0.0,0.0,0.028168268993908216
issuer_cntry_domicile_name_Singapore,0.00026376899329653145,0.09628537273968214,9.562293495909424e-05,0.09784855447390564,0.0015942211165725472,0.0006138967552157482,0.0014283648019258188,0.0005552567108873197,0.024835632315805607
cntry_of_risk_AU,0.004786276601670136,0.07771716821438443,0.003915343025197582,0.08190851053873623,0.010568366001741391,0.003612983895980504,0.01018689637189001,0.0035362262095238184,0.024528971357390513
top_3_shareholder_location_Germany,-9.741186990026573e-05,0.09824144171346487,-8.127774600358295e-05,0.09530299296020357,0.0,0.0,0.0,0.0,0.024170718132220576
cntry_of_risk_US,0.02000350275471182,0.050260668750082074,0.015086745843303263,0.055596737081274106,0.0,0.018144463696620605,0.0,0.017224880065201165,0.022039624773899126
issuer_cntry_domicile_name_France,-0.0007456215828146928,0.08774657083992124,-0.0008315704955919933,0.08945606425232182,-0.0005697296858730883,-0.0004712606517997542,-0.0006342183001206703,-0.0004980845981269799,0.021681518722239484
yeo_joh_top_2_shareholder_percentage,0.0,0.04860040358259506,0.0,0.04821071582781491,0.0,0.035833198643072287,0.0,0.03477937251513961,0.020927961321077732
issuer_cntry_domicile_name_Norway,-0.0014150544936413546,0.08432974403887054,-0.0018115932960491188,0.08541378310911316,-0.0007268138356131493,-0.0001263142893356939,-0.0007428328337274692,-0.00010294947980781233,0.020602246114976137
shares_float,0.04186873855551012,0.0,0.04145184409734861,0.0,0.040101189557889216,0.0,0.03910089837768475,0.0,0.020315333823554087
gics_sector_Information Technology,-0.005823541132630538,0.09378667637164809,-0.00660772068409351,0.09433368034784465,-0.006227197082272773,-0.0013420404332346258,-0.006538768857177935,-0.0013463840541957706,0.020029338059485948
yeo_joh_top_3_shareholder_percentage,0.0,0.03276522522810993,0.0,0.03299429742247804,0.0,0.04440261678405601,0.0,0.04543028033747289,0.019449052471514607
gics_sub_ind_Application Software,0.002758830696627701,0.06676686207608136,0.002765860208784332,0.067047678119762,0.002191486959415756,0.0035491011223383164,0.0021925358218214176,0.0034128377587739345,0.0188356490954506
yeo_joh_return_usd,0.0,0.040962935319055926,0.0,0.041065829239255905,0.0,0.03404483799213154,0.0,0.033814185040753356,0.01873597344889959
gics_sector_Financials,0.0006856972720522325,0.06731980003276332,-0.0001360882847418976,0.06748749081945511,0.005267635395489278,0.00030483202602962225,0.005068806126555992,0.00046501364620590293,0.018307898379226195
cntry_of_risk_GB,0.012332008175216824,0.013482063877388883,0.015882900283673895,0.012013742728524679,0.029210913420240615,0.013860638840088457,0.029070068588092468,0.013940938733460629,0.017474159330835806
yeo_joh_vola,0.0,0.019159257427654997,0.0,0.018714739259446344,0.0,0.04334570397250063,0.0,0.043159322119085373,0.015547377847335918
issuer_cntry_domicile_name_Israel,0.0004591284013801489,0.05539890186703167,0.0004105909336125313,0.05631463598714661,0.0,0.0,0.0,0.0,0.014072907148646369
top_3_shareholder_location_France,0.00046483058126739474,0.05124704471987997,0.001091332148933055,0.049043679842162416,0.0021118084231582014,0.0024899562157606804,0.002112367361028289,0.002382172158134166,0.01386789893129052
return_usd,0.02805581135158012,0.0,0.028057797421905194,0.0,0.025936630084502244,0.0,0.02594032725815141,0.0,0.013498820764517371
shares_outstanding,0.02552549526592095,0.0,0.024838393147641656,0.0,0.028410070989515323,0.0,0.027689212849703704,0.0,0.013307896531597705
top_3_shareholder_location_Spain,-6.732013723476094e-05,0.04995008586591674,9.909795815467026e-05,0.04917578690297699,0.0,0.0,0.0,0.0,0.012394706323726705
issuer_cntry_domicile_name_Netherlands,0.000603829489018115,0.04573161892122779,0.0007926484506294518,0.04611552322838477,0.0011958950752476772,0.0003227898768418669,0.0011917576369975702,0.0003095394720588729,0.012032950268800763
top_3_shareholder_percentage,0.022651182665313484,0.0,0.021694456973069896,0.0,0.024941680070905782,0.0,0.02493407211154387,0.0,0.01177767397760413
top_3_shareholder_location_Sweden,0.00013207552151257574,0.04348560796589681,-3.3217909393257194e-05,0.04274384679050145,0.000998638438870536,0.0009758539834803682,0.0010341475383304876,0.0009497776505681288,0.011285841247470887
gics_sub_ind_Industrial Machinery & Supplies & Components,-0.004656505262435273,0.05004958633294922,-0.00446894454453729,0.05056772396805612,-0.001791669225378878,-0.0002355297347661378,-0.0017876368631741912,-0.00011052282236313493,0.010945812731043803
yeo_joh_hist_gross_profit_usd,0.0,0.022023895370464473,0.0,0.02214301842372137,0.0,0.01992733189533331,0.0,0.02021715862775786,0.010538925539659627
issuer_cntry_domicile_name_South Africa,0.0007406700675903655,0.0405575985506912,0.0007240092409818266,0.040507636270172155,0.0,0.0,0.0,0.0,0.010316239266179444
top_2_shareholder_location_Ireland,0.005001851463225948,0.021555407937858283,0.004713982251850046,0.021900657727599637,0.00690511377210602,0.006068905666885727,0.007066396492443672,0.006019187352055588,0.009903937833003116
cntry_of_risk_CH,-0.001431519207686549,0.0375058325390087,-0.0016713598243493278,0.034717382607684664,0.0,0.0033037279055883606,0.0,0.0028140405395870372,0.00940476306997911
top_3_shareholder_location_Japan,-0.0001854748254095151,0.03767850448173482,-0.00010973782667274001,0.03643695129912753,0.0,7.721154793468576e-05,0.0,2.949542964000296e-05,0.009240868763294349
vola,0.016514239745648494,0.0,0.014497281470183842,0.0,0.021505328592064554,0.0,0.021174097873111253,0.0,0.009211368460126018
issuer_cntry_domicile_name_China,0.0002638363475731542,0.0360653644888135,0.0001137216518840689,0.03655523130077073,0.00012355153545680065,0.00018327303751507483,0.00015983722185852756,0.00019595824395080008,0.009207596728477832
gics_sector_Industrials,0.005231159954613473,0.028406920175942874,0.006425128714863992,0.028572964915029142,0.0,0.001858366616396545,0.0,0.0014347090391944705,0.008991156177005062
gics_sub_ind_Diversified Banks,0.0062259567810122205,0.019069933281370056,0.006080088258049144,0.0192529675557933,0.008320328071923056,0.002018629838409358,0.008225149545268762,0.0020350380295868996,0.008903511420176601
cntry_of_risk_BE,-0.00010415775744944122,0.03259099706012063,-0.00012876450880849877,0.03139613199487362,4.2532105558823474e-05,0.0,4.539479571470384e-05,0.0,0.00798026671125123
gics_sub_ind_Rail Transportation,0.005229862541469366,0.01791264880444745,0.00599012581480225,0.018016222838004647,0.005201881766398497,0.0029294101086835057,0.005260334590477533,0.002862150667917207,0.007925329641525057
gics_sub_ind_Automobile Manufacturers,0.00017808387858918583,0.01906956083422311,0.000640611402811031,0.019121378085817643,0.003987983385222493,0.0060321336221415,0.004050454364694822,0.005963785936990995,0.007380498938811348
yeo_joh_net_income_usd,0.0,0.01572662097221078,0.0,0.01568043952054816,0.0,0.013695241645087087,0.0,0.013585082442706686,0.007335923072569089
net_income_usd,0.015232614030081248,0.0,0.014786296561030731,0.0,0.013942467956171845,0.0,0.01374195523876628,0.0,0.007212916723256263
gics_sub_ind_Transaction & Payment Processing Services,0.0007279620902359673,0.024309559355132414,0.002450941007251195,0.02451053087619067,0.00018539318182743126,0.0009793972952361729,0.00023170689683768008,0.00089394285382709,0.006786179194567328
gics_sub_ind_Regional Banks,-0.0008142547884381179,0.02736886818373042,-0.0011330176018492955,0.027349229227419503,0.0,0.00027254178585411903,0.0,0.00016805607535976818,0.00665142786025955
gics_sub_ind_Air Freight & Logistics,0.0015791411192899285,0.022666899355011805,0.00039697375272667034,0.022740723954841845,0.001564660162905529,0.0010765958096444872,0.001680912390845657,0.0009855841349559968,0.00658643633502774
gics_sub_ind_Building Products,-0.0006383390051433513,0.025509691040472314,-0.00046379413470407636,0.02570735803610751,3.843545249859748e-05,0.0008361767546082643,0.00010963922821241034,0.0008203438798331075,0.006489938906485597
gics_sub_ind_Interactive Media & Services,0.0023124500201318955,0.008934328768374068,0.0031033543149133315,0.009138377336769176,0.009334690087132624,0.0036228266379095043,0.009495529304607508,0.003733369808157294,0.006209365784749426
issuer_cntry_domicile_name_Austria,-0.00020973359324271134,0.024215606889298812,-4.275050880304665e-05,0.025123491143617505,0.0,0.00020761618054047082,0.0,0.00016240404588032664,0.00618207926966142
gics_sub_ind_Life & Health Insurance,-0.00023325454591412997,0.021860038579933426,-0.00018636027630071218,0.021937876325728023,0.0,0.0001705646578795572,0.0,0.00014808852556038587,0.005462119158360818
gics_sub_ind_Restaurants,0.004292831523480378,0.011762740816686235,0.0005431549674905667,0.011830154572717988,0.0037225319631623123,0.0033377707183473325,0.0038217974320518657,0.003306713853675758,0.005327211980951555
issuer_cntry_domicile_name_South Korea,-0.0013847917642748953,0.02361154885545892,-0.0015681858037969397,0.022627573944126046,-0.0007560727373023158,-0.00040479086746012525,-0.0007581219915678394,-0.00036487327819934023,0.005125285794622938
top_3_shareholder_location_United States,0.002618584470414809,0.00938690870762503,0.0022402095395591794,0.008996814375731221,0.005602018011125853,0.0030774413054823757,0.005482837506066906,0.0029582062178159507,0.005045377516727665
gics_sub_ind_Asset Management & Custody Banks,0.0012474608912650064,0.018843767635834542,0.001069744043401244,0.01875418454140292,0.0005499212725711189,-0.00048386389255140606,0.0005515655393662944,-0.0005142285484198816,0.005002318935358729
hist_rd_exp_usd,0.010797036916881641,0.0,0.010275141158478229,0.0,0.009330338827696927,0.0,0.009237813010204854,0.0,0.004955041239157706
top_3_shareholder_location_Hong Kong,-2.40988528751096e-05,0.019192275369065058,-6.6580029906671e-05,0.01878490485698563,0.0,0.0,0.0,0.0,0.004735812667908613
cntry_of_risk_FR,-0.0006918376343549748,0.018314238296965192,-0.0007560549866140298,0.01954776147488797,0.0,-0.00013826460444562593,0.0,-0.00010736157445960793,0.0045210601214973655
top_3_shareholder_location_Austria,7.6875224418127e-05,0.01855705914339517,6.554870872026442e-05,0.017935282029026854,-0.00026737518794995864,-0.00036585438690565073,-0.00039588914374029117,-0.00032538112656628205,0.004410033157549779
cntry_of_risk_DE,-8.544934822745099e-05,0.01862539092866272,-4.9584548371395254e-05,0.016771559674211466,0.0,3.8044449512053547e-06,0.0,0.0,0.004408215143903318
cntry_of_risk_FI,0.0029398383040786457,0.007211497476528194,0.002815375143958687,0.00739663851386656,0.0036168974119100807,0.0025397376257537798,0.0037073479278961876,0.00262419808845038,0.004106441311555314
issuer_cntry_domicile_name_Finland,0.0029398383040786236,0.007211497476528161,0.0028153751439587427,0.007396638513866216,0.0036168974119082375,0.0025397368594389904,0.0037073479278959655,0.0026241969847900504,0.004106441077808123
issuer_cntry_domicile_name_Ireland,-0.0004488980856974245,0.015775716443176692,-0.00040532121662016917,0.015763173830631715,-0.00012487675462212743,-0.00013530145478486412,-0.00012432417418809517,-0.00011772659743006786,0.003772805248808207
top_2_shareholder_location_Japan,0.010952095966075126,0.0006565371687959787,0.011089504412241335,0.00066421604090795,0.0,0.0033510952550641405,0.0,0.00337262859547669,0.0037607596798201527
top_1_shareholder_location_Canada,0.002556610523704095,0.010151609893794355,0.0034688716018090983,0.010130530751245714,0.0012763250526159897,0.0005198701287121854,0.001295332162926688,0.0004220255645141169,0.0037276469599152803
issuer_cntry_domicile_name_Bermuda,-0.00018584826245368057,0.01502057325274343,-0.0001241391396353708,0.015218523265468974,-9.873926591487114e-05,-0.00010928588904116632,-8.319006017930564e-05,-9.707291071757718e-05,0.0036926026237838034
gics_sub_ind_IT Consulting & Other Services,-0.0003134596897321318,0.014588070990549918,-0.00026063063922756593,0.014636569704196457,0.0,0.0,0.0,0.0,0.0035813187957233344
hist_book_px,0.017630298364223716,0.0,0.011183421097808177,0.0,-0.0002527064418313407,0.0,-0.0001508488582976697,0.0,0.00355127052023786
issuer_cntry_domicile_name_Spain,0.0012530429933864883,0.011429017729144175,0.0012613613435847437,0.01198349645923349,0.0006686221744239606,0.00033767832614314266,0.0006726291782641836,0.00030526086254074604,0.003488888633340116
cntry_of_risk_ES,0.0012530429933865772,0.011429017729144708,0.0012613613435847326,0.01198349645923429,0.0006686221744238829,0.0003376639227108735,0.0006726291782641836,0.0003052363729275975,0.0034888837717096054
cntry_of_risk_NO,-0.0001823222616331721,0.01272526977985169,-0.00042634083063743946,0.012365020222336053,0.000911034226848495,0.0007496501866816385,0.0009249006211162536,0.0007731931938269488,0.003480050642298809
"gics_sub_ind_Hotels, Resorts & Cruise Lines",0.000462065777684606,0.008823848263700662,0.002531419993817652,0.008781279367266248,0.0023137336981693514,0.001254791423680468,0.0023563752891776813,0.0010790771933672839,0.003450323875857994
yeo_joh_hist_asset_turnover,0.0,0.003463630972035281,0.0,0.003569598045880329,0.0,0.009202181737108817,0.0,0.009543108479959383,0.0032223149043729762
gics_sub_ind_Construction & Engineering,-0.00036618446090425083,0.012381235048042971,-7.248158549419959e-05,0.01250212198863283,0.0,8.329629853676135e-05,0.0,6.237186799079586e-05,0.0030737948946006136
top_3_shareholder_location_Switzerland,-1.2056124418391433e-05,0.012161261340388519,5.399811889816863e-06,0.011808476845654725,0.0,1.142763595274321e-06,0.0,0.0,0.0029955280796387426
gics_sub_ind_Motorcycle Manufacturers,8.876349120279237e-06,0.011129536071281365,2.185566711763176e-05,0.011205017415900121,0.0,0.0006643410258481364,9.984256779994593e-05,0.0005789031919911425,0.0029635465361323274
gics_sub_ind_Personal Care Products,0.0014691793169079536,0.005012848797362112,0.0011266980511157043,0.005024970945181029,0.003366113086486322,0.002153762322598418,0.00339341270764143,0.0021246769999679004,0.0029589577784076082
gics_sub_ind_Automotive Parts & Equipment,0.0017930248535095506,0.0053815248005461,0.0018186309564705793,0.005336544905194451,0.002527398472745623,0.0019588228120751227,0.002514774942500886,0.0019046440005543342,0.002904420717949581
gics_sub_ind_Environmental & Facilities Services,0.0001813884127270904,0.0005909066757465942,0.0001288581221819185,0.0005718854285818309,0.0069416704782599425,0.003056080410669848,0.0068590882795035776,0.0029265791760113014,0.0026570571229602626
gics_sub_ind_Systems Software,0.0005485958234551225,0.009981600018121872,0.0005477583147644016,0.010123748557162693,-3.078894245646113e-05,-6.8817909594898195e-06,-2.874776969706838e-05,-1.3265481348445629e-05,0.002640252341130328
gics_sub_ind_Trading Companies & Distributors,0.00030756772309038506,0.009474857737334386,0.00044789317094919847,0.0095147477973633,0.00023108631013710746,0.0003420015748378469,0.00023232256791959615,0.0003063046326583829,0.0026070976892862753
yeo_joh_shares_float,0.0,-0.002250704243219881,0.0,-0.0024852485166233064,0.0,0.013005280821217125,0.0,0.011888194809872698,0.0025196903589058293
gics_sub_ind_Semiconductor Materials & Equipment,0.00026632263192720717,0.00969230671192196,0.0001745331199260014,0.009753509890657786,0.0,1.3691964974105186e-05,0.0,0.0,0.0024875455399258825
cntry_of_risk_SG,0.0015257086262646436,0.005555693711981735,0.0013951435801205724,0.005233539130979348,0.0014159486195781334,0.0010524812577504706,0.001500024870780714,0.0009835473492944336,0.0023327608933437567
beta,0.008558319176994688,0.0,0.007566640336088615,0.0,0.0010021462659920099,0.0,0.001157884425410405,0.0,0.0022856237755607147
gics_sub_ind_Electrical Components & Equipment,4.310905567848078e-05,0.009005297092823928,0.000249695497914959,0.008952429733068312,0.0,0.0,0.0,0.0,0.00228131642243571
top_1_shareholder_location_Australia,0.0036582344130424603,0.002618439821319618,0.00368151621241426,0.0025925765910405187,0.0008525404357189404,0.0017511582643571443,0.0009597123749486736,0.0017397252878732395,0.002231737925089357
top_1_shareholder_location_Sweden,0.00033170680025628173,0.008067144906073253,-5.3718670042079976e-05,0.007948132941344287,0.00035120512254734895,6.205832186090276e-06,0.00034365320419029735,-1.9877799810830155e-06,0.002124042794571799
yeo_joh_shares_outstanding,0.0,-0.007469232788844227,0.0,-0.0075918211669801505,0.0,0.01634476074463568,0.0,0.015625170368606056,0.00211360964467717
top_2_shareholder_location_Norway,-0.0005490901357756428,0.007936099261459028,-0.0007526542837199002,0.008157378164718565,0.0,0.0008322145861539232,0.0,0.0008406595059296973,0.002058075887345709
top_3_shareholder_location_Bermuda,3.484659455765815e-07,0.008520036815759979,2.0287114298134235e-06,0.007908467324978463,0.0,0.0,0.0,0.0,0.002053860164764229
top_3_shareholder_location_Belgium,-2.1979140400030238e-06,0.008178314566209688,1.0034843939488169e-05,0.007867215769642555,0.0,0.0,0.0,0.0,0.002006670908218966
gics_sector_Consumer Discretionary,-0.0003878845649771034,0.007223225416979362,0.00013035650277292142,0.0072871798215006665,0.00016686485168883048,0.0007036866293108179,0.00023729908381815435,0.0006629679932406817,0.0020029619667917913
gics_sub_ind_Commodity Chemicals,-0.0016522822152792549,0.006749250239971982,4.8571127581620296e-05,0.0068239618464702835,0.0002901608935489408,0.0013262596628087265,0.00039452840316399617,0.001219726278518196,0.0019000220295980613
gics_sub_ind_Human Resource & Employment Services,9.503980471132767e-05,0.006669277923182793,-5.086997927760129e-05,0.006735171952782315,0.00035809185572028835,0.00033707134154981055,0.0003808570840131309,0.0003102764597319063,0.0018543645553017463
cntry_of_risk_ID,-2.247989689453389e-05,0.00670159840071044,-5.382189946346871e-05,0.006953011459418979,0.0,0.0003644154661615051,0.0,0.00024981806474567715,0.0017740676993348247
gics_sub_ind_Health Care Distributors,0.0003074493239175524,0.0030255726656731154,0.0002855078582819637,0.0030287894891145918,0.0022078124158371295,0.0012208629968050722,0.0022589571182378585,0.0012096973158498558,0.0016930811479646426
hist_roe,0.006679975862842214,0.0,0.004847537967818616,0.0,0.001006007313181223,0.0,0.0010093167388928515,0.0,0.001692854735341863
gics_sub_ind_Semiconductors,-0.0006746758775846851,0.007470154544693242,-0.0009752574174697548,0.007669342897088138,0.0,0.0,0.0,0.0,0.0016861955183408673
gics_sub_ind_Water Utilities,1.56808713168477e-05,0.004867485161740936,-6.882495293308866e-05,0.004857972998327809,0.0011673015978907908,0.0006392913287912028,0.001260475971802799,0.0005372653693659357,0.001659581043287904
yeo_joh_hist_capex_depr,0.0,0.002771334940360304,0.0,0.002658928853612941,0.0,0.0040396185093216075,0.0,0.003795266149115317,0.0016581435565512712
gics_sub_ind_Industrial Conglomerates,-0.0018593298189273245,0.009331188947131397,-0.0015441258753605802,0.009538892701959012,-0.00037315710747815034,-0.0009533455274185366,-0.00038443006737800547,-0.0009144851155094668,0.001605151017127293
hist_roa,0.003284413704019684,0.0,0.004117818641619942,0.0,0.002556026518088628,0.0,0.0027370449416550314,0.0,0.0015869129756729105
gics_sector_Materials,0.00026407857465747807,0.005529252067463719,-1.1481734955021139e-05,0.005563066748524148,8.248081406649898e-05,0.0,8.305177318330692e-05,0.0,0.0014388060303675162
gics_sub_ind_Movies & Entertainment,0.0001749703298052463,0.00230334081153456,0.00023475421891185899,0.002299862849150547,0.0023283265879873614,0.000799037292824345,0.002308592830419931,0.0008048037697234278,0.0014067110862946595
cntry_of_risk_IL,0.000428735420371229,0.004617668858548285,0.00038103135912034294,0.004850873809846478,0.00042077850915790417,5.845141741495086e-05,0.00044487633284349124,3.1760277326620125e-05,0.0014042719980786626
gics_sub_ind_Aerospace & Defense,0.004457488778168683,-0.0017409584559253232,0.0036212691299605027,-0.0017982471009005297,0.0013051154375555707,0.0016804718236092865,0.0012577955756237547,0.0015539426554770474,0.001292109730446124
yeo_joh_beta,0.0,0.0011812222316316622,0.0,0.0011205172214614368,0.0,0.003934572104469703,0.0,0.003973341334131852,0.001276206611461832
cntry_of_risk_HK,-0.0015910374506444946,0.006675736298774826,-0.0011803210772912132,0.006071745659127182,0.0,-0.00017252379249155236,0.0,-0.0001547713707830245,0.0012061035333364653
yeo_joh_hist_roa,0.0,0.0030056273256267143,0.0,0.0029366818330547216,0.0,0.0015068667905149603,0.0,0.001412281198659293,0.0011076821434819611
gics_sub_ind_Specialty Chemicals,0.0013573697926653305,0.0019887824096677777,0.0015476245342450402,0.001980163405877311,0.0006291144209430777,0.0002718526337002203,0.0006608203728197149,0.00021380456228140555,0.0010811915165249847
cntry_of_risk_CL,-1.3184978551861182e-05,0.004441815288832296,-3.316392136890611e-05,0.0042420018330072366,0.0,0.0,0.0,0.0,0.0010796835277398456
gics_sub_ind_Financial Exchanges & Data,0.0006511215055031272,0.003723694001601563,0.00041133066493335144,0.0037582114193806084,0.0,3.887639749844407e-06,0.0,0.0,0.0010685306538960617
gics_sub_ind_Agricultural & Farm Machinery,2.1095365536738518e-06,0.0038506629643082378,-4.061862020421358e-06,0.003935280583207123,0.0002458189304960667,7.317272691538257e-05,0.00026789861388933913,7.661464798642825e-05,0.0010559370176669788
cntry_of_risk_SE,0.00017819110852375087,0.0038497260184313874,0.00041492113639557404,0.004254746308731983,0.0,-0.00024232147490050872,0.0,-0.00019347580688805488,0.0010327234112867665
hist_asset_turnover,0.004522866635756429,0.0,0.003655258862525623,0.0,1.4063683892562296e-06,0.0,0.0,0.0,0.0010224414833339135
gics_sub_ind_Oil & Gas Exploration & Production,0.00019321964400418335,0.0025366550499530184,0.00010937864032193323,0.0025027046505720187,0.0,0.001405055711744141,0.0,0.001323702876835997,0.0010088395716789113
cntry_of_risk_TR,1.978147471445313e-05,0.0039185074172835895,1.505598527001828e-05,0.004048288003409106,0.0,0.0,0.0,0.0,0.001000204110084646
issuer_cntry_domicile_name_Turkey,1.978147471445313e-05,0.003918507417283401,1.505598527001828e-05,0.004048288003408706,0.0,0.0,0.0,0.0,0.0010002041100845723
gics_sub_ind_Diversified Real Estate Activities,0.0017125949384460104,0.0008743658142376431,0.002405987368500395,0.0008729549943678694,0.000322906354946384,0.0005564783113608418,0.00032099722918308424,0.0005418978448963552,0.000951022856992323
gics_sub_ind_Biotechnology,0.001531363110480477,0.0007586491942925932,0.00145532686897496,0.0007558441365956182,0.001235966997119653,0.0002651322732401207,0.0012223296457050449,0.00023571951160462624,0.0009325414672516366
gics_sub_ind_Multi-line Insurance,0.0003041986771436855,-0.0008630095589969189,0.0015030617606963004,-0.0008482912816562993,0.002425377781794258,0.0010937600569585037,0.002393439090433036,0.0010363922038266527,0.0008806160912749022
gics_sub_ind_Tobacco,3.2638441474841515e-05,0.00302277798623003,9.167407148358287e-06,0.002996623811552512,0.0,0.00043431168737519956,0.0,0.0003788640393110998,0.0008592979216365053
gics_sub_ind_Property & Casualty Insurance,-0.0005944586009936192,0.004587059839429785,-0.0004886210209045893,0.004657120556373307,-0.000540939585958733,-0.00031548016461028225,-0.0005337122958332885,-0.0002901413763648053,0.0008101034188922216
gics_sub_ind_Electronic Manufacturing Services,0.0002795205603627005,0.001471450676060404,0.0003573544251309624,0.0014618979406119449,0.0010495260436983456,0.00028638570800236794,0.0010978473877591322,0.0002861741334680423,0.0007862696093867375
gics_sub_ind_Marine Transportation,1.8923256759340034e-07,0.0030471901346584397,3.099533821848688e-06,0.0030290843181987825,0.0,0.0,0.0,0.0,0.000759945402405833
gics_sub_ind_Research & Consulting Services,0.000995761679033802,0.0018308554061825966,0.0009152388846894067,0.0018501390663068328,0.0,0.0,0.0,0.0,0.0006989993795265798
gics_sub_ind_Health Care Supplies,8.232897599295131e-05,0.0017112410328909311,0.00015498225545717003,0.0017088031532187964,0.0002915671432724198,0.0006210278712305062,0.00032256147184881454,0.0006025764791906974,0.0006868860478877857
gics_sector_Real Estate,0.000716913073892389,0.0008761212638333738,0.0009893693926844916,0.000869809043377534,0.00027017501867141467,0.0007279144581898156,0.00030629536772885935,0.0006243340289276422,0.00067261645591319
random_feature,0.0,0.0,0.0011415441334006182,0.0010949923181638565,0.0,0.0,0.0015723884460588922,0.0014265577819952192,0.0006544353349523233
gics_sub_ind_Electronic Equipment & Instruments,0.00015424198931673905,0.0023918408793363265,9.992135927209267e-05,0.002377991710247618,5.527120952438791e-05,9.031399594394695e-06,6.174179214284426e-05,8.614599517842159e-06,0.0006448318673690307
gics_sub_ind_Electronic Components,-6.717712283093036e-05,0.0023137278057031143,0.0012074818135275,0.002380662368287989,0.0,-0.0004385843367410547,0.0,-0.0003358305009050211,0.0006325350033801997
yeo_joh_hist_fcf_yld,0.0,0.0014569743441767645,0.0,0.001441348314510138,0.0,0.0010322404560280329,0.0,0.0009999653653705366,0.0006163160600106839
issuer_cntry_domicile_name_Greece,-3.5135518329754146e-05,0.0024316812141984777,-2.736239217466796e-05,0.0025220535984848526,0.0,-7.859409199961754e-06,0.0,0.0,0.0006104221866223683
cntry_of_risk_GR,-3.5135518329709735e-05,0.0024316812141985224,-2.7362392174679064e-05,0.002522053598484486,0.0,-7.859503009399748e-06,0.0,0.0,0.0006104221748961526
gics_sub_ind_Passenger Ground Transportation,-4.3548898982614935e-06,0.002443558474798768,-9.344512335673905e-06,0.002432079599589354,0.0,0.0,0.0,0.0,0.0006077423340192733
top_1_shareholder_location_China,1.5771733910541208e-05,0.0022995112724102595,-1.04426344333719e-05,0.0021584611948780807,0.0,0.0,0.0,0.0,0.0005579126958456886
yeo_joh_hist_pe,0.0,0.0006636656437478572,0.0,0.0006315172361918475,0.0,0.0015943069958454625,0.0,0.001484735278413929,0.000546778144274887
hist_capex_depr,0.000736806919955546,0.0,0.0007740499156833724,0.0,0.0012026172985751926,0.0,0.0012610722850841306,0.0,0.0004968183024122801
yeo_joh_hist_capex_sales,0.0,-0.0008275065398340664,0.0,-0.0008873862679004141,0.0,0.0028237433807240973,0.0,0.0027397169995437287,0.0004810709465666682
top_1_shareholder_percentage,0.0009050092926061515,0.0,0.0012422257706706575,0.0,0.0006721289186941371,0.0,0.0007585902337974071,0.0,0.00044724427697104415
gics_sub_ind_Data Processing & Outsourced Services,4.4832283078810596e-05,7.672608693631843e-06,8.524775554989983e-05,3.066435837617565e-06,0.0012822372707717911,0.0004774463233141457,0.0012614389338215903,0.0004094106812296272,0.0004464190365371393
gics_sub_ind_Managed Health Care,2.9612428068437336e-05,0.001408588834335911,3.153209788183675e-05,0.0014198765307532947,2.6035499294851937e-05,0.0002761906610898701,7.263873511542673e-05,0.00026393638459218936,0.00044105139639147723
gics_sub_ind_Leisure Products,0.00048649464919349185,0.001135208409226518,0.0005541098299634894,0.0012038400500387404,0.0,0.0,0.0,0.0,0.00042245661730277995
yeo_joh_top_1_shareholder_percentage,0.0,0.0015581421384499804,0.0,0.0016724025429628142,0.0,7.1629056376143476e-06,0.0,1.3544827098088685e-05,0.00040640655176856215
"gics_sub_ind_Apparel, Accessories & Luxury Goods",0.0014811227859895192,-0.0001481391926354436,0.0014226992277109108,-0.00015335728379995973,0.0,0.000326916009289302,0.0,0.00029708353869033476,0.0004032906356555829
gics_sub_ind_Oil & Gas Storage & Transportation,-2.36318123359891e-05,0.001200937528894086,5.641572659799143e-05,0.0011943783978529132,0.0,0.000318898877865359,0.0,0.00028358035505530175,0.0003788223842412078
gics_sub_ind_Diversified Financial Services,-3.5659858239611707e-07,0.0014921613444802916,-8.616058285171313e-07,0.0014645841066763365,0.0,0.0,0.0,0.0,0.00036944090584321436
gics_sector_Health Care,0.0002875163184396179,0.001058697471420833,1.8731608466338035e-05,0.0010557679671613918,0.0,0.0003104687498236225,0.0,0.0001936388088461638,0.00036560261551974593
issuer_cntry_domicile_name_Malaysia,1.3063097928922573e-05,0.0013509526134239502,-2.3130769737289557e-05,0.0014532745210954934,0.0,4.9645412800125574e-05,0.0,8.783442935900166e-06,0.0003565735398058878
cntry_of_risk_MY,1.3063097928922573e-05,0.0013509526134241278,-2.3130769737289557e-05,0.0014532745210957044,0.0,4.964536971380218e-05,0.0,8.783332111150787e-06,0.00035657352056705225
cntry_of_risk_CN,0.00044078665207958334,0.0006969056702825549,0.00025255523267049275,0.0005417428022773563,-2.2132291551202334e-05,0.0003596417095030224,-6.74906264526709e-05,0.00037332003801742174,0.00032191614835331975
gics_sub_ind_Technology Distributors,-4.1410730984814405e-05,0.002641599815233453,-4.442595938677352e-05,0.002630460421875569,-0.000657030403277925,-0.0006866117040620012,-0.0007220916851021442,-0.0006518417580697377,0.00030858099952820324
issuer_cntry_domicile_name_Belgium,-9.820840850695012e-05,0.0010691152302485297,-0.00012256317199375034,0.0015311862597249593,0.0,-7.320652238851366e-08,0.0,-4.869678833840929e-07,0.00029737121688337703
cntry_of_risk_IT,-4.896387666797342e-06,0.0011863479882712525,-1.0174281337360646e-05,0.0011010861994959153,0.0,8.427627300167107e-06,0.0,9.464367172273835e-06,0.0002862819391544313
gics_sub_ind_Food Retail,0.0013221510725606178,-0.00010602727096876707,0.0011735704324870144,-0.0001016518079431039,0.0,0.0,0.0,0.0,0.00028600530326697017
top_2_shareholder_location_Singapore,-4.6446183954440556e-08,0.001216214931959969,-2.1599901500746198e-08,0.001156644169153065,0.0,-9.315251230304077e-05,-1.1924633655313599e-05,-8.368072212097121e-05,0.0002730041483685317
gics_sub_ind_Agricultural Products & Services,1.5228071727924063e-05,0.000971585186298718,1.4587975053748093e-05,0.0010326129239914383,0.0,4.5359877113126945e-05,-5.657196029373867e-06,4.628318156616462e-05,0.0002650000024652183
gics_sub_ind_Passenger Airlines,0.00040017651905871476,0.00048623795929688687,0.00013892801276366162,0.0005286671845697976,1.8376753786064625e-05,0.00027086171026379223,4.1620363044980734e-05,0.00020956112775805114,0.0002618037038177437
gics_sub_ind_Diversified Chemicals,0.0003499950434295851,-9.04048768335608e-05,0.0006834078579135317,-9.732810685121329e-05,0.00028790420771966917,0.0002744397080964078,0.00029056494792908396,0.00024626176378383935,0.00024310506814841787
gics_sub_ind_Tires & Rubber,3.994341988391437e-05,0.00029712357264717327,3.9262847045562486e-05,0.00028736938907817364,0.00035278804180733926,0.0002918726941919636,0.0003440251842719677,0.000263819716633229,0.00023952560819491542
cntry_of_risk_ZA,0.000824633646598727,-1.8763398012144882e-05,0.0008949436229985785,0.00017358707648448268,0.0,0.0,0.0,0.0,0.0002343001185087054
gics_sub_ind_Home Improvement Retail,-8.799578071205794e-06,0.0008346023612305186,-2.2994356666861115e-05,0.0008409323301518002,0.0,4.379309836985978e-05,0.0,1.588621441983573e-06,0.00021114030955701193
gics_sub_ind_Homebuilding,0.0006787843046606956,0.0001352242690865535,0.0007019438120272392,0.0001340212398061036,0.0,0.0,0.0,0.0,0.000206246703197574
top_1_shareholder_location_India,0.003670049689892352,-0.0040139825302475726,0.0035198208952722855,-0.00400530964184872,0.0,0.001287040550355012,0.0,0.0011807030331245528,0.00020479024956848865
issuer_cntry_domicile_name_India,0.003670049689891908,-0.004013982530247817,0.0035198208952720855,-0.004005309641848587,0.0,0.001287035152174154,0.0,0.0011806930239633862,0.00020478832365064122
gics_sub_ind_Electric Utilities,0.00015301332401888024,0.0004889161359450944,0.0002280366868109396,0.0004762609002435636,0.0,0.00016050451183790003,0.0,0.00012569831376828543,0.00020405373407808293
gics_sub_ind_Interactive Home Entertainment,0.0004493749506476297,0.00015180490369517407,0.0008472734512688263,0.00017059531172033404,0.0,0.0,0.0,0.0,0.00020238107716649548
gics_sub_ind_Household Products,-0.00016510943246489385,0.0004940699726410202,-0.00010562749988293207,0.00047886737040124804,0.0001620998076900304,0.00030942123448324255,0.00016116858859075434,0.0002625656360238482,0.00019968195968528973
top_2_shareholder_location_Australia,0.00015781065832777276,7.303677467606074e-05,0.00021953059661944385,6.422771867078402e-05,3.665784257544935e-06,0.00046686911825648546,9.929162233435207e-06,0.00047119237250939914,0.00018328277319386576
cntry_of_risk_DK,0.0008863800963246904,-0.001926948310508303,0.0008474778727664666,-0.0018326700840106459,0.0012512923217553485,0.000503411131980458,0.00122829835667545,0.00048300162391186064,0.0001800303761119157
issuer_cntry_domicile_name_Denmark,0.0008863800963247126,-0.001926948310508414,0.000847477872766389,-0.0018326700840104904,0.0012512923217544492,0.0005034108575307838,0.001228298356675339,0.00048300134317651454,0.00018003030671366046
gics_sub_ind_Renewable Electricity,-0.00013047113978694735,0.0004403105027314891,3.847810069705915e-05,0.00040558704102993114,0.0,0.0003648783078260331,0.0,0.00029511863604733126,0.00017673768106811206
yeo_joh_hist_roe,0.0,-0.00019246315245587952,0.0,-0.0002072488975947917,0.0,0.0009058645022910983,0.0,0.0009021414687309214,0.00017603674012141857
hist_pe,0.0003975826856989273,0.0,0.00035858546504636825,0.0,0.0003145006318350352,0.0,0.0003091942434117256,0.0,0.00017248287824900705
top_2_shareholder_location_Canada,0.0009171563485384504,-0.00021618839185229,0.00067255642254469,-0.00023545152332430375,0.0,4.046519175394669e-05,0.0,4.8581615793563684e-05,0.00015338995793175712
yeo_joh_hist_ebitda_ev,0.0,0.0005446426697139128,0.0,0.0005779608146101011,0.0,3.7497635506456016e-05,0.0,4.837512270269295e-05,0.00015105953031664535
top_3_shareholder_location_South Korea,4.6841863647484326e-05,0.00030778677189051694,2.1637745148583854e-05,0.00019164745522806114,0.0,0.0003035823501188695,0.0,0.000287764591501527,0.00014490759719188034
cntry_of_risk_NL,0.0006311164806743653,-0.0001495195432982044,0.0004681949703724708,-9.996621440919729e-05,0.0,0.00016440840648673793,0.0,0.00013516489425532407,0.00014367487426018702
top_2_shareholder_location_Germany,8.740819108321585e-05,0.00038963020940765427,0.00016880005513699725,0.00043308417007185127,0.0,0.0,0.0,0.0,0.00013486532821246482
gics_sub_ind_Reinsurance,-4.888725600994403e-05,0.000586080150083168,-3.797955597607538e-05,0.0005706353485741,0.0,0.0,0.0,0.0,0.0001337310858339061
top_1_shareholder_location_Luxembourg,-0.0008033325857293549,0.0015221923323120111,-0.0006912366957985472,0.0016523252895783713,0.0,-0.0003508511696024508,0.0,-0.00028341461511115494,0.00013071031945610935
gics_sub_ind_Oil & Gas Refining & Marketing,1.67003776894159e-06,0.00043900445947391286,6.448134693703977e-06,0.000415253809921734,0.0,0.0,0.0,0.0,0.00010779705523228654
hist_fcf_yld,0.00019168811051283318,0.0,0.00019482804158482692,0.0,0.00020566924848011147,0.0,0.00020885253452590513,0.0,0.00010012974188795958
gics_sub_ind_Life Sciences Tools & Services,0.0002767852600315757,5.293872076875816e-05,0.0002824526750627498,6.0011462296494236e-05,3.1427351783797075e-05,-3.4471201553043504e-05,2.8129164863577306e-05,-2.4263187311790446e-05,8.41262807427648e-05
top_2_shareholder_location_Finland,-0.0002705261709425866,0.0005479314575406846,-0.0002666705830124738,0.000534105740878732,0.0,5.1462788125766766e-05,0.0,3.5995250687892445e-05,7.903731040975192e-05
gics_sub_ind_Investment Banking & Brokerage,-8.69991331268416e-05,0.00046947475493342995,-0.00038012481778691986,0.00044199372811870585,0.0,2.3705571174603702e-05,0.0,0.0,5.850626291412226e-05
gics_sub_ind_Drug Retail,3.4287926154230596e-06,0.00020016490815577548,-1.2890452503722117e-05,0.00019269414894820258,0.0,0.0,0.0,0.0,4.792467465195988e-05
yeo_joh_hist_net_chg_lt_debt_usd,0.0,0.00017135801840036934,0.0,0.0001708963767135141,0.0,2.1067627340498607e-05,0.0,1.587565614652453e-05,4.739970982511332e-05
gics_sub_ind_Consumer Electronics,2.417838780649495e-05,-5.107305007684415e-05,3.912425374478223e-05,-6.133113892539121e-05,0.00019401075795132393,3.10947218640889e-05,0.0001872694020887522,1.4649793556287261e-05,4.7240391001186766e-05
top_2_shareholder_location_Sweden,-4.5261149896180794e-05,0.00021550010884180404,-0.00041964819001917287,0.00022536978637039963,0.0,0.00017603012590059475,0.0,0.00016364533683893567,3.9454502254547555e-05
gics_sub_ind_Computer & Electronics Retail,0.00018253766169522566,-1.0768951519346536e-05,-9.123034454293633e-05,-7.1912820233555054e-06,0.0,8.765926774542132e-05,0.0,6.615761216092198e-05,2.8395495439491324e-05
hist_ebitda_ev,7.214462368265728e-05,0.0,7.602542041077465e-05,0.0,2.3418789300932995e-05,0.0,3.673167896259821e-05,0.0,2.6040064044620394e-05
yeo_joh_hist_net_debt_usd,0.0,5.165632552454058e-05,0.0,4.902403510866904e-05,0.0,0.0,0.0,0.0,1.2585045079151203e-05
yeo_joh_hist_eps_usd,0.0,2.0367354469730258e-05,0.0,2.0437783587390345e-05,0.0,2.225784449403356e-05,0.0,2.2653893076540754e-05,1.0714609453461865e-05
hist_eps_usd,9.408133050703427e-06,0.0,9.617544923079536e-06,0.0,1.1387839395593514e-05,0.0,1.1447953454923887e-05,0.0,5.232683853037545e-06
issuer_cntry_domicile_name_Kazakhstan,0.0,1.9984014443252818e-16,0.0,0.0,0.0,0.0,0.0,0.0,2.4980018054066023e-17
cntry_of_risk_GH,0.0,0.0,0.0,0.0,0.0,0.0,0.0,0.0,0.0
top_3_shareholder_location_Israel,0.0,0.0,0.0,0.0,0.0,0.0,0.0,0.0,0.0
top_1_shareholder_location_Spain,0.0,0.0,0.0,0.0,0.0,0.0,0.0,0.0,0.0
cntry_of_risk_BF,0.0,0.0,0.0,0.0,0.0,0.0,0.0,0.0,0.0
gics_sub_ind_Oil & Gas Drilling,0.0,0.0,0.0,0.0,0.0,0.0,0.0,0.0,0.0
cntry_of_risk_BR,0.0,0.0,0.0,0.0,0.0,0.0,0.0,0.0,0.0
top_2_shareholder_location_Cayman Islands,0.0,0.0,0.0,0.0,0.0,0.0,0.0,0.0,0.0
issuer_cntry_domicile_name_Macau,0.0,0.0,0.0,0.0,0.0,0.0,0.0,0.0,0.0
top_3_shareholder_location_Not Available,0.0,0.0,0.0,0.0,0.0,0.0,0.0,0.0,0.0
gics_sub_ind_Forest Products,0.0,0.0,0.0,0.0,0.0,0.0,0.0,0.0,0.0
issuer_cntry_domicile_name_Isle of Man,0.0,0.0,0.0,0.0,0.0,0.0,0.0,0.0,0.0
top_3_shareholder_location_Poland,0.0,0.0,0.0,0.0,0.0,0.0,0.0,0.0,0.0
top_3_shareholder_location_China,0.0,0.0,0.0,0.0,0.0,0.0,0.0,0.0,0.0
top_3_shareholder_location_Portugal,0.0,0.0,0.0,0.0,0.0,0.0,0.0,0.0,0.0
gics_sub_ind_Multi-Sector Holdings,0.0,0.0,0.0,0.0,0.0,0.0,0.0,0.0,0.0
top_3_shareholder_location_New Zealand,0.0,0.0,0.0,0.0,0.0,0.0,0.0,0.0,0.0
top_2_shareholder_location_Malaysia,0.0,0.0,0.0,0.0,0.0,0.0,0.0,0.0,0.0
issuer_cntry_domicile_name_Portugal,0.0,0.0,0.0,0.0,0.0,0.0,0.0,0.0,0.0
gics_sub_ind_Airport Services,0.0,0.0,0.0,0.0,0.0,0.0,0.0,0.0,0.0
cntry_of_risk_MO,0.0,0.0,0.0,0.0,0.0,0.0,0.0,0.0,0.0
cntry_of_risk_JO,0.0,0.0,0.0,0.0,0.0,0.0,0.0,0.0,0.0
gics_sub_ind_Specialized Consumer Services,0.0,0.0,0.0,0.0,0.0,0.0,0.0,0.0,0.0
gics_sub_ind_Household Appliances,0.0,0.0,0.0,0.0,0.0,0.0,0.0,0.0,0.0
gics_sub_ind_Distillers & Vintners,0.0,0.0,0.0,0.0,0.0,0.0,0.0,0.0,0.0
gics_sub_ind_Commercial Printing,0.0,0.0,0.0,0.0,0.0,0.0,0.0,0.0,0.0
gics_sub_ind_Aluminum,0.0,0.0,0.0,0.0,0.0,0.0,0.0,0.0,0.0
top_1_shareholder_location_Germany,0.0,0.0,0.0,0.0,0.0,0.0,0.0,0.0,0.0
gics_sub_ind_Leisure Facilities,0.0,0.0,0.0,0.0,0.0,0.0,0.0,0.0,0.0
gics_sub_ind_Security & Alarm Services,0.0,0.0,0.0,0.0,0.0,0.0,0.0,0.0,0.0
gics_sub_ind_Industrial Gases,0.0,0.0,0.0,0.0,0.0,0.0,0.0,0.0,0.0
gics_sub_ind_Housewares & Specialties,0.0,0.0,0.0,0.0,0.0,0.0,0.0,0.0,0.0
top_2_shareholder_location_Netherlands,0.0,0.0,0.0,0.0,0.0,0.0,0.0,0.0,0.0
cntry_of_risk_ZM,0.0,0.0,0.0,0.0,0.0,0.0,0.0,0.0,0.0
top_3_shareholder_location_Guernsey,0.0,0.0,0.0,0.0,0.0,0.0,0.0,0.0,0.0
top_3_shareholder_location_Bahamas,0.0,0.0,0.0,0.0,0.0,0.0,0.0,0.0,0.0
top_1_shareholder_location_Brazil,0.0,0.0,0.0,0.0,0.0,0.0,0.0,0.0,0.0
top_3_shareholder_location_Denmark,0.0,0.0,0.0,0.0,0.0,0.0,0.0,0.0,0.0
gics_sub_ind_Distributors,0.0,0.0,0.0,0.0,0.0,0.0,0.0,0.0,0.0
cntry_of_risk_TH,0.0,0.0,0.0,0.0,0.0,0.0,0.0,0.0,0.0
top_3_shareholder_location_Indonesia,0.0,0.0,0.0,0.0,0.0,0.0,0.0,0.0,0.0
gics_sub_ind_Communications Equipment,0.0,0.0,0.0,0.0,0.0,0.0,0.0,0.0,0.0
top_3_shareholder_location_Cayman Islands,0.0,0.0,0.0,0.0,0.0,0.0,0.0,0.0,0.0
top_2_shareholder_location_Turkey,0.0,0.0,0.0,0.0,0.0,0.0,0.0,0.0,0.0
top_2_shareholder_location_Belgium,0.0,0.0,0.0,0.0,0.0,0.0,0.0,0.0,0.0
top_2_shareholder_location_Italy,0.0,0.0,0.0,0.0,0.0,0.0,0.0,0.0,0.0
issuer_cntry_domicile_name_Brazil,0.0,0.0,0.0,0.0,0.0,0.0,0.0,0.0,0.0
cntry_of_risk_PL,0.0,0.0,0.0,0.0,0.0,0.0,0.0,0.0,0.0
top_3_shareholder_location_Singapore,0.0,0.0,0.0,0.0,0.0,0.0,0.0,0.0,0.0
gics_sub_ind_Silver,0.0,0.0,0.0,0.0,0.0,0.0,0.0,0.0,0.0
top_3_shareholder_location_Liechtenstein,0.0,0.0,0.0,0.0,0.0,0.0,0.0,0.0,0.0
issuer_cntry_domicile_name_Thailand,0.0,0.0,0.0,0.0,0.0,0.0,0.0,0.0,0.0
gics_sub_ind_Home Furnishings,0.0,0.0,0.0,0.0,0.0,0.0,0.0,0.0,0.0
cntry_of_risk_TW,0.0,0.0,0.0,0.0,0.0,0.0,0.0,0.0,0.0
cntry_of_risk_NZ,0.0,0.0,0.0,0.0,0.0,0.0,0.0,0.0,0.0
gics_sub_ind_Alternative Carriers,0.0,0.0,0.0,0.0,0.0,0.0,0.0,0.0,0.0
gics_sub_ind_Commercial & Residential Mortgage Finance,0.0,0.0,0.0,0.0,0.0,0.0,0.0,0.0,0.0
top_3_shareholder_location_Greece,0.0,0.0,0.0,0.0,0.0,0.0,0.0,0.0,0.0
top_2_shareholder_location_Brazil,0.0,0.0,0.0,0.0,0.0,0.0,0.0,0.0,0.0
gics_sub_ind_Insurance Brokers,0.0,0.0,0.0,0.0,0.0,0.0,0.0,0.0,0.0
issuer_cntry_domicile_name_Uruguay,0.0,0.0,0.0,0.0,0.0,0.0,0.0,0.0,0.0
gics_sub_ind_Independent Power Producers & Energy Traders,0.0,0.0,0.0,0.0,0.0,0.0,0.0,0.0,0.0
top_2_shareholder_location_New Zealand,0.0,0.0,0.0,0.0,0.0,0.0,0.0,0.0,0.0
cntry_of_risk_RU,0.0,0.0,0.0,0.0,0.0,0.0,0.0,0.0,0.0
top_2_shareholder_location_China,0.0,0.0,0.0,0.0,0.0,0.0,0.0,0.0,0.0
issuer_cntry_domicile_name_Mexico,0.0,0.0,0.0,0.0,0.0,0.0,0.0,0.0,0.0
top_2_shareholder_location_Greece,0.0,0.0,0.0,0.0,0.0,0.0,0.0,0.0,0.0
top_1_shareholder_location_Mexico,0.0,0.0,0.0,0.0,0.0,0.0,0.0,0.0,0.0
gics_sub_ind_Cargo Ground Transportation,0.0,0.0,0.0,0.0,0.0,0.0,0.0,0.0,0.0
gics_sub_ind_Diversified Capital Markets,0.0,0.0,0.0,0.0,0.0,0.0,0.0,0.0,0.0
issuer_cntry_domicile_name_JERSEY,0.0,0.0,0.0,0.0,0.0,0.0,0.0,0.0,0.0
gics_sub_ind_Office Services & Supplies,0.0,0.0,0.0,0.0,0.0,0.0,0.0,0.0,0.0
top_2_shareholder_location_Taiwan,0.0,0.0,0.0,0.0,0.0,0.0,0.0,0.0,0.0
gics_sub_ind_Real Estate Development,0.0,0.0,0.0,0.0,0.0,0.0,0.0,0.0,0.0
issuer_cntry_domicile_name_Cayman Islands,0.0,0.0,0.0,0.0,0.0,0.0,0.0,0.0,0.0
cntry_of_risk_BM,0.0,0.0,0.0,0.0,0.0,0.0,0.0,0.0,0.0
top_1_shareholder_location_Taiwan,0.0,0.0,0.0,0.0,0.0,0.0,0.0,0.0,0.0
issuer_cntry_domicile_name_Indonesia,0.0,0.0,0.0,0.0,0.0,0.0,0.0,0.0,0.0
top_1_shareholder_location_Thailand,0.0,0.0,0.0,0.0,0.0,0.0,0.0,0.0,0.0
top_3_shareholder_location_Finland,0.0,0.0,0.0,0.0,0.0,0.0,0.0,0.0,0.0
gics_sub_ind_Highways & Railtracks,0.0,0.0,0.0,0.0,0.0,0.0,0.0,0.0,0.0
top_3_shareholder_location_Panama,0.0,0.0,0.0,0.0,0.0,0.0,0.0,0.0,0.0
top_1_shareholder_location_Belgium,0.0,0.0,0.0,0.0,0.0,0.0,0.0,0.0,0.0
cntry_of_risk_MX,0.0,0.0,0.0,0.0,0.0,0.0,0.0,0.0,0.0
cntry_of_risk_PR,0.0,0.0,0.0,0.0,0.0,0.0,0.0,0.0,0.0
issuer_cntry_domicile_name_Taiwan,0.0,0.0,0.0,0.0,0.0,0.0,0.0,0.0,0.0
gics_sub_ind_Precious Metals & Minerals,0.0,0.0,0.0,0.0,0.0,0.0,0.0,0.0,0.0
top_2_shareholder_location_Liechtenstein,0.0,0.0,0.0,0.0,0.0,0.0,0.0,0.0,0.0
cntry_of_risk_PT,0.0,0.0,0.0,0.0,0.0,0.0,0.0,0.0,0.0
issuer_cntry_domicile_name_New Zealand,0.0,0.0,0.0,0.0,0.0,0.0,0.0,0.0,0.0
cntry_of_risk_KZ,0.0,-6.661338147750939e-17,0.0,-1.1102230246251566e-17,0.0,0.0,0.0,0.0,-9.714451465470119e-18
top_1_shareholder_location_Turkey,0.0,-1.1102230246251566e-17,0.0,-1.1102230246251565e-16,0.0,0.0,0.0,0.0,-1.5265566588595904e-17
gics_sub_ind_Consumer Staples Merchandise Retail,-9.922902382060172e-05,0.00010908407014946775,-0.00015712786936237234,0.00010667216496097476,0.0,4.507830834921123e-06,0.0,1.5825686575099418e-06,-4.313782322512561e-06
gics_sub_ind_Soft Drinks & Non-alcoholic Beverages,-3.850563628361447e-05,3.052145067269363e-05,-5.174641850652639e-05,2.304231995526873e-05,0.0,0.0,0.0,0.0,-4.5860355202723125e-06
hist_net_debt_usd,6.9743264402344355e-06,0.0,1.5322645570692295e-06,0.0,-3.940134484993196e-05,0.0,-2.412602785989426e-05,0.0,-6.87759771406532e-06
hist_net_chg_lt_debt_usd,-5.141733468325693e-05,0.0,-3.2256394171181756e-05,0.0,1.0006179099675271e-05,0.0,1.1236102555700622e-05,0.0,-7.803930899882848e-06
gics_sub_ind_Casinos & Gaming,0.00010910273589480602,-0.0001504602978443792,0.00014513598321593823,-0.00018079796642586076,0.0,8.209152457294699e-06,0.0,3.6894672441944997e-06,-8.140115682250813e-06
gics_sub_ind_Broadcasting,-3.7717779543711136e-05,2.8187483259001223e-05,-0.00011539061856226107,3.097797071225372e-05,0.0,1.8678860946086395e-05,0.0,7.243290619851628e-07,-9.317469265830711e-06
gics_sub_ind_Paper Products,-6.367807306340012e-06,-5.3372887152125514e-05,-1.3012114850163848e-06,-2.5664969424032958e-05,0.0,-4.330861644487038e-05,0.0,-2.9815468541605218e-05,-1.9978870044248805e-05
cntry_of_risk_IE,-0.00031708501571818813,0.00017240802373177377,-0.0002824786848604433,0.00024344777503787496,0.0,0.0,0.0,0.0,-2.296348772612284e-05
top_1_shareholder_location_South Africa,3.2008477970169034e-05,-0.00016992689510159087,3.0405053886806144e-05,-0.00014851917491922605,0.0,0.0,0.0,0.0,-3.2004067270480216e-05
gics_sub_ind_Fertilizers & Agricultural Chemicals,-1.4749064832986214e-05,-3.90188686093973e-05,-1.5815904724691963e-05,-3.5640641367495894e-05,-7.268215570789271e-05,-5.3581688369597205e-05,-7.091276911284084e-05,-4.7330219007291065e-05,-4.3716413966524145e-05
top_2_shareholder_location_Israel,3.571077449719962e-05,-0.000215535086364671,2.6727849015983907e-05,-0.00021018820687586094,0.0,0.0,0.0,0.0,-4.541058371591855e-05
cntry_of_risk_CA,2.3261921872841373e-05,-0.0004620672295064687,0.00014351883418087797,-0.00041843296716697064,1.1489980580070558e-05,0.00014955351792396155,1.917567653580976e-05,8.7327164166362e-05,-5.577163767668951e-05
gics_sector_Consumer Staples,-0.00020523322087955264,-0.0007062529537578022,8.025122021554365e-05,-0.0007515974636429834,0.0009207272939271039,-0.0003914946194272795,0.0009409314556872217,-0.00041343661249458873,-6.576311254654217e-05
gics_sub_ind_Integrated Oil & Gas,-1.1320550528071127e-05,-0.0002136508939172055,-6.659624298954725e-05,-0.000241450285079714,0.0,0.0,0.0,0.0,-6.662724656431723e-05
gics_sub_ind_Paper & Plastic Packaging Products & Materials,-4.222284865236236e-05,-0.0002587592460973287,-3.0809192434599894e-05,-0.00027176559987059925,0.0,0.0,0.0,0.0,-7.544461088186128e-05
gics_sub_ind_Automotive Retail,-9.970630696876093e-05,-0.00023202571989261456,-8.531843108060544e-05,-0.00024656958790052473,0.0,0.0,0.0,0.0,-8.29525057303132e-05
gics_sub_ind_Brewers,-0.00022870485962943609,-0.0001247239710613246,-0.00030859591569826206,-0.00012052226560302915,0.0,0.0,0.0,0.0,-9.781837649900648e-05
top_2_shareholder_location_Austria,6.341108881113832e-06,-0.0004865849190576088,8.910112343958332e-05,-0.00045110265559659133,0.0,0.0,0.0,0.0,-0.00010528066779168787
gics_sub_ind_Integrated Telecommunication Services,-0.00046717700493752455,-0.00011067878791469754,-0.0003115790769550708,-6.521472658114203e-05,0.0,6.140571714485788e-06,0.0,3.987626371038111e-06,-0.00011806517478786387
yeo_joh_hist_book_px,0.0,-0.0032202457767842806,0.0,-0.0031757944932582437,0.0,0.002660458684086342,0.0,0.002776848336629356,-0.0001198416561658533
gics_sub_ind_Pharmaceuticals,-0.0014565622922061761,0.000729158661004603,-0.001407838973736608,0.0007475788653150351,0.0,0.000255312107508876,0.0,8.321572497745899e-05,-0.00013114198839210138
gics_sector_Energy,-0.00012820139350625537,-0.000676445961150629,-3.8253740965732416e-05,-0.0007007050528801906,-0.0003058831612598012,0.000580118678202346,-0.0003408989836446108,0.0005085507469113515,-0.00013771485853669022
top_1_shareholder_location_Norway,-0.0006628076615153633,3.625227894165084e-05,-0.0009572016916897574,3.1444524492107995e-05,0.00015358108194032382,-2.6403614111658593e-06,0.00019055968679072556,0.0,-0.0001513515178064348
top_2_shareholder_location_Spain,1.1198062342177017e-06,-0.0006572550589651671,9.57282885314048e-05,-0.000664780349060834,0.0,0.0,0.0,0.0,-0.00015314841415754732
cntry_of_risk_KR,-0.0014648789075566882,0.0028677274536682007,-0.0015928567808869976,0.002296987714881238,-0.0012391851947544219,-0.0005560704070634803,-0.001221951813758748,-0.0005297555869494319,-0.00017999794030254114
yeo_joh_hist_rd_exp_usd,0.0,1.1587691028169812e-05,0.0,1.6095136470883897e-05,0.0,-0.0007397379066166332,0.0,-0.0007653236892650961,-0.00018467234604783447
top_1_shareholder_location_Israel,0.00026871646716633004,-0.0009212145872364075,0.000333053027082697,-0.0009699972182366845,0.0,-0.00016571434575574084,0.0,-0.00012215351620569191,-0.0001971637716481872
gics_sector_Utilities,-0.0004161451226192381,0.00033422911948753907,-0.0002888495978621841,0.00035871161162188693,0.0,-0.0007816859908737928,0.0,-0.0007984929995081159,-0.0001990291224692381
gics_sub_ind_Construction Machinery & Heavy Transportation Equipment,-0.0001621052055542971,0.0015954763167815634,-0.00029835459667157946,0.0015730794129681035,-0.0010936234981620886,-0.0011320382301167164,-0.0011720188268694142,-0.0011116970199570697,-0.00022516020594768734
hist_capex_sales,-0.00039903177816512646,0.0,-0.0004014429786993734,0.0,-0.0005669795233809505,0.0,-0.0005604841596314914,0.0,-0.0002409923049846177
top_2_shareholder_location_Hong Kong,-0.0007026897070587345,-0.0002803749526181232,-0.0005903117094934295,-0.00030589551886693877,0.0,-7.717865335816753e-05,0.0,-8.004818055663554e-05,-0.00025456234024400366
gics_sub_ind_Copper,-2.9889508430647194e-05,-0.0009907535730584894,-3.717907961792166e-05,-0.0010273950020051714,0.0,0.0,0.0,0.0,-0.0002606521453890287
gics_sub_ind_Diversified Support Services,-0.00014330329250353824,-0.0011821596435388603,-7.11146734151069e-05,-0.0011851208277972591,0.0,0.0,0.0,0.0,-0.0003227123046568456
gics_sub_ind_Health Care Services,-2.625851651328892e-05,-0.0008038098232561963,-4.2949735274377955e-05,-0.00080430851876655,-0.00013134178866319735,-0.0003451984450323686,-0.0001330233413554538,-0.00032815352141345454,-0.0003268804612843609
top_1_shareholder_location_Ireland,2.308220165404551e-05,-0.0013110938814800965,3.777837315076527e-05,-0.001518432434602046,0.0,0.0,0.0,0.0,-0.0003460832176596665
top_2_shareholder_location_South Korea,-0.0008459694663305872,-0.0005341349540676887,-0.001105988620170395,-0.00043121009272651946,0.0,0.0,0.0,0.0,-0.0003646628916618988
top_1_shareholder_location_Switzerland,-0.0023664823205860165,0.0005680011491434933,-0.001703417044772848,0.0006688975531478625,-0.0002223788218120304,2.108823132652704e-05,-0.00026970039332467887,0.0,-0.0004129989558597113
yeo_joh_market_cap_usd,0.0,-0.0017806092211580028,0.0,-0.0017466971545406773,0.0,0.00014315135187401574,0.0,-1.9273859533686098e-05,-0.0004254286104197938
gics_sub_ind_Specialized Finance,1.6039129866662895e-05,-0.001769489490627152,9.748876018533803e-06,-0.0017344816708657173,0.0,0.0,0.0,0.0,-0.0004347728944509591
gics_sub_ind_Marine Ports & Services,-4.830666306354647e-06,-0.0013820017089852033,-1.0931042914275047e-06,-0.0013277812155687353,-8.510233230368813e-05,-0.00035538828141626897,-9.990782680816546e-05,-0.0003213174949298625,-0.0004471778288262133
gics_sub_ind_Apparel Retail,0.0006967260501828387,-0.002346155785497106,0.00023429260085086056,-0.0023364941447885147,0.0,0.0,0.0,0.0,-0.0004689539099064902
gics_sub_ind_Multi-Utilities,-0.001074797166493935,-0.00030966247857993067,-0.0008213914880441208,-0.00029639540883737994,-0.0005559505332235149,-0.00021452976235381005,-0.0005534406732255692,-0.0001560952260830306,-0.0004977828421051613
gics_sub_ind_Gold,0.0009038779557464128,-0.0018851648316488446,0.0013546382976687642,-0.001841780941123139,0.0,-0.0013859242904425638,0.0,-0.0011790076131500626,-0.0005041701778686792
top_1_shareholder_location_United Kingdom,0.00037670747610604185,-0.0017095869277419795,0.00043358369140598094,-0.0017301945347820923,-0.0005319163028393969,-0.00028972470045409706,-0.000527480269783731,-0.0002741676446858188,-0.0005315974015968866
top_2_shareholder_location_Switzerland,0.00032531860356298513,-0.0024514274226279387,0.00019463303511261243,-0.0023548766861140936,0.0,-1.706570051741574e-05,0.0,0.0,-0.0005379272713229813
gics_sub_ind_Education Services,-2.9407566633044e-05,-0.002186168033043201,-2.6996156654568448e-05,-0.002114271599114026,0.0,0.0,0.0,0.0,-0.0005446054194306049
gics_sub_ind_Gas Utilities,-1.4568451236907088e-05,-0.0014850076951326784,-5.0974625981803356e-05,-0.0014996634675076503,-0.00028983132021476177,-0.000695215969411156,-0.0003251612292962558,-0.00069707332179616,-0.0006321870100721716
gics_sub_ind_Other Specialty Retail,-0.00030440754738350064,-0.0021531306925425485,-0.00029131301723136496,-0.0021835042331869946,0.0,-0.00016237612750692466,0.0,-9.333048922548493e-05,-0.0006485077633846023
gics_sub_ind_Packaged Foods & Meats,-0.0013422800207919527,-0.0003412207750401741,-0.0013965055598988308,-0.0003573965046307692,-0.0001294385693136113,-0.0007524271909571834,-0.0001365586658371165,-0.0007469865078331472,-0.0006503517242878481
gics_sub_ind_Broadline Retail,0.0016914483341236464,-0.001870716096679792,0.001219098733878543,-0.0018502772981838556,-0.0013937482211772822,-0.0009050233980132493,-0.001445400241038064,-0.0008110681001451292,-0.0006707107859043978
gics_sub_ind_Real Estate Operating Companies,-0.00028790170952842643,-0.00164193183245408,-0.00038365112987286397,-0.001637408148408226,-0.00019975907112286252,-0.0005531511309697645,-0.00020882000304335292,-0.0005030686758369041,-0.0006769614626545601
gics_sub_ind_Oil & Gas Equipment & Services,-0.0006640506269671275,-0.0012800461450155121,-0.0008881393515464242,-0.001288571799262017,-0.00017165159859017232,-0.0005555517366695684,-0.00019849935472130432,-0.0004994923504508031,-0.0006932503704028661
hist_ev_usd,-0.0023362850842087667,0.0,-0.0021820965295409112,0.0,-0.0005887790119439961,0.0,-0.0005696419010762233,0.0,-0.0007096003158462372
hist_gross_profit_usd,-0.0007906665312818583,0.0,-0.0009791914097992183,0.0,-0.0019951612772667214,0.0,-0.0019759871985320586,0.0,-0.0007176258021099821
gics_sub_ind_Consumer Finance,-0.0007527013013332584,-0.003290981750805044,-0.0008151509839500193,-0.0033218680748321127,0.0,0.0010895267005600283,0.0,0.0008743654861605221,-0.0007771012405249854
gics_sub_ind_Real Estate Services,-4.3053685827820766e-05,-0.002493336952317693,-4.391019649008232e-05,-0.0024496936097892054,-0.0003057964282692338,-0.0005338913286544678,-0.00031817923457430066,-0.0004801111673225944,-0.0008334965754056749
gics_sub_ind_Food Distributors,-3.7770547091309226e-06,-0.0030560391965781973,-1.7877733617388536e-06,-0.003134585146538349,-0.0001982132710629192,-0.00024119562158353425,-0.00022357232088388024,-0.00023148320100120358,-0.0008863316982148692
top_2_shareholder_location_South Africa,0.0006198397205152584,-0.003714937898320292,0.0005766810558670121,-0.0036834441460590673,0.0,-0.00048318953386311536,0.0,-0.0004121364797665894,-0.0008871484102033493
gics_sub_ind_Health Care Technology,-2.013087521177681e-05,-0.002403946404579005,1.8803344587459135e-05,-0.0023953665264636716,-0.0008493530339086397,-0.00047932176397604833,-0.0008590187443278663,-0.0004488402011427528,-0.0009296467756277877
"gics_sub_ind_Metal, Glass & Plastic Containers",-8.178684170156991e-06,-0.0030025915215449507,-1.194017467887054e-06,-0.002925088902629136,-0.000630200669942138,-0.0002913726001660177,-0.0005637260746855222,-0.00022993167260255688,-0.0009565355179010457
gics_sub_ind_Diversified Metals & Mining,-0.001073935889751787,0.00036010775471237986,-0.0009185065716390773,0.0003695305342130362,-0.0016119546081066138,-0.0016164468153050614,-0.0016317903247227484,-0.0015639300366445009,-0.0009608657446555465
top_2_shareholder_location_Romania,-0.0007317615617928209,-0.002064789950657131,-0.0007164676300815187,-0.0020643396514603784,-0.0005334544301020094,-0.0008341841623288549,-0.0005350766238074401,-0.0008023998267899013,-0.001035309229627507
top_3_shareholder_location_Namibia,-0.0007317615617928209,-0.00206478995065712,-0.0007164676300815187,-0.0020643396514604005,-0.0005334544301019873,-0.0008341917413041356,-0.0005350766238074401,-0.0008024120055048489,-0.001035311699338784
cntry_of_risk_LU,-0.0001455361951871792,-0.004343224314367078,-0.0001487171876103477,-0.004374049238225652,0.0,0.0,0.0,0.0,-0.0011264408669237821
gics_sub_ind_Homefurnishing Retail,-4.6028940877551604e-05,-0.00449562318432537,-5.219300529011317e-05,-0.0045790896138646064,0.0,-0.00019448246346096543,0.0,-0.00010685763180313667,-0.0011842843549527177
gics_sub_ind_Steel,-0.0008979833800599856,-0.0027260221912467687,-0.0007642210779556958,-0.00266541724558681,-0.0006799029288872549,-0.001051324847061086,-0.000656862504368727,-0.0009799823110689277,-0.0013027145607794068
gics_sub_ind_Publishing,0.0002977386215713307,-0.003308128431985613,0.00019235482603010556,-0.003344794889570124,-0.0016877771757310533,-0.0005403032766250094,-0.0017237035324103923,-0.00047309118180199894,-0.0013234631300653443
gics_sub_ind_Health Care Facilities,-0.00026812891751923915,-0.004246787690102993,-0.0003624160309467883,-0.004339751344939036,0.0,-0.0008513074894198391,0.0,-0.0007118660479914496,-0.0013475321901149182
top_2_shareholder_location_France,-0.0006080183426326769,-0.004184131981029959,-0.0004355309955569764,-0.0041909715938420414,-0.0005315442227249556,-0.0009082214069479511,-0.0005649455622131261,-0.0008408348211264904,-0.001533024865759272
top_1_shareholder_location_France,-0.00011875304717201551,-0.005467736084220365,5.593143004833934e-05,-0.0053965908803378145,0.0,-0.0008159283678663698,0.0,-0.0006193414183111812,-0.001545302295982426
market_cap_usd,-0.0033497185357801882,0.0,-0.0031269753294163594,0.0,-0.003004663799081575,0.0,-0.003033180378933342,0.0,-0.001564317255401433
gics_sub_ind_Construction Materials,0.0002561575660909976,-0.004382612401994013,0.00033317697241896926,-0.0042637988135303725,-0.0020097181768477302,-0.0010505912131952178,-0.0020099367918808508,-0.0009678016155169166,-0.0017618905593068917
gics_sub_ind_Coal & Consumable Fuels,0.00042842242087917095,-0.00833482818163922,0.0003151643759983891,-0.008366758057322654,0.0,-0.0004710625138505953,0.0,-0.00035986618511569813,-0.002098616017631326
gics_sub_ind_Internet Services & Infrastructure,0.0005205253398647414,-0.009087846194724747,0.0004184478997560248,-0.009130673834633285,0.0,-0.0001438480678138121,0.0,-3.6401556529186416e-05,-0.002182474551760033
gics_sub_ind_Wireless Telecommunication Services,-0.00013424427783007565,-0.0041394545100259415,0.0002519576801722323,-0.004041522635705186,-0.002979460202952888,-0.002473153964215047,-0.0028279942672579605,-0.0023604034547883177,-0.002338034454075398
yeo_joh_hist_roic,0.0,-0.00823095673313352,0.0,-0.00796377719068354,0.0,-0.0015399565509266245,0.0,-0.0014622967498410077,-0.0023996234030730867
"gics_sub_ind_Technology Hardware, Storage & Peripherals",-0.0023635234102057255,-0.003733896151938876,-0.00288679423201047,-0.003902022917589143,-0.001757866608672698,-0.0017147756463259723,-0.0018281102173261065,-0.0017134343483308778,-0.0024875529415499835
yeo_joh_hist_ev_usd,0.0,-0.005965703677820433,0.0,-0.005991615494367319,0.0,-0.0051321826414377995,0.0,-0.005171142527610651,-0.002782580542654525
gics_sub_ind_Heavy Electrical Equipment,-9.476052082100229e-05,-0.014986279636993272,-0.00012456875853065208,-0.014942313217142622,-0.0014203676042867652,-0.0005897811830966937,-0.0014428809561742196,-0.0005619885606326314,-0.004270367554709732
gics_sub_ind_Health Care Equipment,-0.0028831339736340444,-0.006233042284977364,-0.0032330373198791395,-0.006323006556696109,-0.0043454247448097335,-0.003838369332757119,-0.0044043943757498425,-0.0038037762465962465,-0.00438302310438745
gics_sub_ind_Footwear,-6.328908549518841e-05,-0.013270713519732991,-2.722457357632324e-05,-0.013259506852489078,-0.0059949180518588776,-0.0027464360669820164,-0.006015158375750585,-0.0026222645375580723,-0.005499938882930391
gics_sub_ind_Cable & Satellite,-0.00023570169738880155,-0.012413800045573109,-0.0002427739813489316,-0.012517130560203638,-0.008633703619494514,-0.003837647848765702,-0.008661345228649276,-0.0038240378943276586,-0.0062957676094689535
top_2_shareholder_location_United Kingdom,-0.0027202306799026577,-0.013284126621335945,-0.002588540138870221,-0.013350855190874589,-0.006793684847943992,-0.0038152605268308324,-0.0070944509065712594,-0.003707995487507665,-0.006669393049979645
hist_roic,-0.013936678260268277,0.0,-0.01896126175495356,0.0,-0.017864051460118213,0.0,-0.019085278259944737,0.0,-0.0087309087169106
